section,key_1,key_2,count
by_type,operational_process,Операционные процессы,25956
by_type,equipment_infrastructure,Инфраструктура и оборудование,15586
by_type,documents_records,Документы и записи,10070
by_type,bad_data,Некачественные данные,8004
by_type,technical_parameter,Технические параметры и нормативы,6201
by_type,prohibition_restriction,Запреты и ограничения,4972
by_type,personnel_training,Персонал и обучение,2993
by_type,reporting_notification,Отчетность и уведомления,2785
by_type,approval_permit,Согласования и разрешения,1852
by_type,financial_cost,Финансовые обязательства,226
by_sphere_and_type,в области промышленной безопасности,Операционные процессы,10006
by_sphere_and_type,в области промышленной безопасности,Инфраструктура и оборудование,7926
by_sphere_and_type,в области промышленной безопасности,Запреты и ограничения,2902
by_sphere_and_type,в области энергосбережения и повышения энергоэффективности,Технические параметры и нормативы,2561
by_sphere_and_type,в области электроэнергетики,Инфраструктура и оборудование,2471
by_sphere_and_type,в области электроэнергетики,Операционные процессы,2209
by_sphere_and_type,в области промышленной безопасности,Документы и записи,2123
by_sphere_and_type,в области промышленной безопасности,Технические параметры и нормативы,1711
by_sphere_and_type,за качеством оказываемых медицинских и специальных социальных услуг,Документы и записи,1435
by_sphere_and_type,в сфере санитарно-эпидемиологического благополучия населения,Операционные процессы,1378
by_sphere_and_type,в сфере санитарно-эпидемиологического благополучия населения,Инфраструктура и оборудование,1308
by_sphere_and_type,в области защиты конкуренции,Некачественные данные,1299
by_sphere_and_type,"за соблюдением субъектами регулируемых рынков обязанностей, установленных законодательством Республики Казахстан о естественных монополиях и регулируемых рынках",Некачественные данные,1299
by_sphere_and_type,за соблюдением трудового законодательства Республики Казахстан и законодательства Республики Казахстан о занятости населения;,Некачественные данные,1142
by_sphere_and_type,в области пожарной безопасности,Запреты и ограничения,1100
by_sphere_and_type,в сферах естественных монополий,Некачественные данные,1085
by_sphere_and_type,в области технического регулирования,Операционные процессы,1022
by_sphere_and_type,в сфере санитарно-эпидемиологического благополучия населения,Документы и записи,955
by_sphere_and_type,в области пожарной безопасности,Инфраструктура и оборудование,874
by_sphere_and_type,за системой образования,Документы и записи,837
by_sphere_and_type,за качеством оказываемых медицинских и специальных социальных услуг,Операционные процессы,834
by_sphere_and_type,в области промышленной безопасности,Персонал и обучение,830
by_sphere_and_type,в области пожарной безопасности,Операционные процессы,803
by_sphere_and_type,в области электроэнергетики,Технические параметры и нормативы,689
by_sphere_and_type,в области железнодорожного транспорта,Операционные процессы,679
by_sphere_and_type,"в сфере обращения лекарственных средств, изделий медицинского назначения и медицинской техники",Операционные процессы,665
by_sphere_and_type,в области электроэнергетики,Документы и записи,658
by_sphere_and_type,за системой образования,Операционные процессы,572
by_sphere_and_type,за организацией и проведением мероприятий по профилактике инфекционных заболеваний,Некачественные данные,559
by_sphere_and_type,за организацией и проведением профилактических прививок населению против инфекционных заболеваний,Некачественные данные,558
by_sphere_and_type,в области метрологии,Некачественные данные,547
by_sphere_and_type,"за использованием товарного знака, знака обслуживания, наименования места происхождения товара или фирменного наименования;",Некачественные данные,528
by_sphere_and_type,"при проведении операций по недропользованию в области углеводородов, добычи урана;",Операционные процессы,526
by_sphere_and_type,в области технического регулирования,Инфраструктура и оборудование,516
by_sphere_and_type,в сфере транспорта,Операционные процессы,498
by_sphere_and_type,в области железнодорожного транспорта,Технические параметры и нормативы,426
by_sphere_and_type,в сфере газа и газоснабжения,Операционные процессы,417
by_sphere_and_type,за качеством оказываемых медицинских и специальных социальных услуг,Персонал и обучение,410
by_sphere_and_type,в области ветеринарии,Операционные процессы,409
by_sphere_and_type,за соблюдением законодательства Республики Казахстан о Национальном архивном фонде и архивах,Документы и записи,383
by_sphere_and_type,в области промышленности,Некачественные данные,338
by_sphere_and_type,в области железнодорожного транспорта,Инфраструктура и оборудование,322
by_sphere_and_type,в области промышленной безопасности,Отчетность и уведомления,317
by_sphere_and_type,в области промышленной безопасности,Согласования и разрешения,302
by_sphere_and_type,в области электроэнергетики,Персонал и обучение,297
by_sphere_and_type,в области поддержки и защиты субъектов предпринимательства,Операционные процессы,267
by_sphere_and_type,за системой образования,Персонал и обучение,250
by_sphere_and_type,в области технического регулирования,Документы и записи,242
by_sphere_and_type,в области защиты прав ребенка,Документы и записи,239
by_sphere_and_type,"в области использования атомной энергии – для субъектов, осуществляющих деятельность с объектами III и IV категорий потенциальной радиационной опасности, за исключением ядерных установок;",Инфраструктура и оборудование,239
by_sphere_and_type,"в области охраны окружающей среды, воспроизводства и использования природных ресурсов",Операционные процессы,237
by_sphere_and_type,в области пожарной безопасности,Документы и записи,218
by_sphere_and_type,в сфере санитарно-эпидемиологического благополучия населения,Персонал и обучение,218
by_sphere_and_type,в области гражданской обороны,Операционные процессы,216
by_sphere_and_type,"в сфере обращения лекарственных средств, изделий медицинского назначения и медицинской техники",Документы и записи,215
by_sphere_and_type,в области ветеринарии,Инфраструктура и оборудование,209
by_sphere_and_type,в области ветеринарии,Документы и записи,206
by_sphere_and_type,в области гражданской обороны,Документы и записи,202
by_sphere_and_type,в области связи,Операционные процессы,200
by_sphere_and_type,в области электроэнергетики,Запреты и ограничения,192
by_sphere_and_type,в сфере транспорта,Инфраструктура и оборудование,192
by_sphere_and_type,за соблюдением законодательства Республики Казахстан об игорном бизнесе,Операционные процессы,192
by_sphere_and_type,в сфере транспорта,Технические параметры и нормативы,182
by_sphere_and_type,"в области архитектуры, градостроительства и строительства",Операционные процессы,180
by_sphere_and_type,"в области архитектуры, градостроительства и строительства за деятельностью местных исполнительных органов по делам архитектуры, градостроительства, строительства и государственного архитектурно-строительного контроля и надзора",Операционные процессы,171
by_sphere_and_type,в сфере государственной службы государственными органами и норм служебной этики государственными служащими,Операционные процессы,168
by_sphere_and_type,в сферах естественных монополий (услуг аэропортов и аэронавигации) и за соблюдением порядка ценообразования и обязанностей субъекта общественно значимого рынка (услуг аэропортов),Операционные процессы,167
by_sphere_and_type,в области технического регулирования,Технические параметры и нормативы,164
by_sphere_and_type,за соблюдением законодательства Республики Казахстан о регулировании торговой деятельности,Некачественные данные,162
by_sphere_and_type,"в области архитектуры, градостроительства и строительства",Документы и записи,161
by_sphere_and_type,за использованием и охраной земель,Операционные процессы,152
by_sphere_and_type,"в сфере обращения лекарственных средств, изделий медицинского назначения и медицинской техники",Персонал и обучение,150
by_sphere_and_type,в области гражданской обороны,Инфраструктура и оборудование,148
by_sphere_and_type,в области защиты прав ребенка,Операционные процессы,148
by_sphere_and_type,в области автомобильного транспорта,Операционные процессы,144
by_sphere_and_type,"в сфере регистрации юридических лиц, филиалов и представительств, являющихся коммерческими организациями",Операционные процессы,130
by_sphere_and_type,за геодезической и картографической деятельностью,Некачественные данные,128
by_sphere_and_type,за охранной деятельностью,Операционные процессы,126
by_sphere_and_type,за соблюдением законодательства Республики Казахстан об аккредитации в области оценки соответствия,Операционные процессы,122
by_sphere_and_type,"""государственный контроль за проведением реабилитационной процедуры и процедуры банкротства;""",Отчетность и уведомления,121
by_sphere_and_type,в области социальной защиты лиц с инвалидностью,Операционные процессы,120
by_sphere_and_type,в области электроэнергетики,Отчетность и уведомления,119
by_sphere_and_type,за соблюдением законодательства Республики Казахстан об аккредитации в области оценки соответствия,Согласования и разрешения,115
by_sphere_and_type,в области защиты растений;,Операционные процессы,113
by_sphere_and_type,в области пожарной безопасности,Отчетность и уведомления,113
by_sphere_and_type,в области железнодорожного транспорта,Документы и записи,112
by_sphere_and_type,в сфере информатизации,Операционные процессы,112
by_sphere_and_type,за системой образования,Согласования и разрешения,110
by_sphere_and_type,в сфере предоставления специальных социальных услуг,Операционные процессы,109
by_sphere_and_type,"в области использования атомной энергии – для субъектов, осуществляющих деятельность с объектами III и IV категорий потенциальной радиационной опасности, за исключением ядерных установок;",Документы и записи,108
by_sphere_and_type,в области электроэнергетики,Согласования и разрешения,108
by_sphere_and_type,за системой образования,Инфраструктура и оборудование,107
by_sphere_and_type,в сфере регистрации актов гражданского состояния,Согласования и разрешения,105
by_sphere_and_type,в сфере санитарно-эпидемиологического благополучия населения,Технические параметры и нормативы,105
by_sphere_and_type,за соблюдением законодательства Республики Казахстан о телерадиовещании,Операционные процессы,103
by_sphere_and_type,"в области оборота ядов, вооружения, военной техники и отдельных видов оружия, взрывчатых и пиротехнических веществ и изделий с их применением",Операционные процессы,102
by_sphere_and_type,за качеством оказываемых медицинских и специальных социальных услуг,Инфраструктура и оборудование,101
by_sphere_and_type,в области пожарной безопасности,Технические параметры и нормативы,100
by_sphere_and_type,в сфере информатизации(в части обеспечения информационной безопасности),Операционные процессы,100
by_sphere_and_type,"в сфере обращения лекарственных средств, изделий медицинского назначения и медицинской техники",Инфраструктура и оборудование,100
by_sphere_and_type,в области метрологии,Операционные процессы,99
by_sphere_and_type,в сфере санитарно-эпидемиологического благополучия населения,Запреты и ограничения,98
by_sphere_and_type,за деятельностью гражданской авиации;,Операционные процессы,97
by_sphere_and_type,в сфере регистрации актов гражданского состояния,Документы и записи,95
by_sphere_and_type,в области изучения и использования недр,Операционные процессы,94
by_sphere_and_type,в области соблюдения законодательства Республики Казахстан о Национальном архивном фонде и архивах,Документы и записи,93
by_sphere_and_type,за качеством оказываемых медицинских и специальных социальных услуг,Отчетность и уведомления,93
by_sphere_and_type,"в области архитектуры, градостроительства и строительства за деятельностью местных исполнительных органов по делам архитектуры, градостроительства, строительства и государственного архитектурно-строительного контроля и надзора",Документы и записи,90
by_sphere_and_type,в области технического регулирования,Запреты и ограничения,90
by_sphere_and_type,"в области использования атомной энергии – для субъектов, осуществляющих деятельность с объектами III и IV категорий потенциальной радиационной опасности, за исключением ядерных установок;",Операционные процессы,89
by_sphere_and_type,"""государственный контроль за проведением реабилитационной процедуры и процедуры банкротства;""",Операционные процессы,88
by_sphere_and_type,в области ветеринарии,Отчетность и уведомления,88
by_sphere_and_type,в сферах естественных монополий,Операционные процессы,88
by_sphere_and_type,"в области оборота ядов, вооружения, военной техники и отдельных видов оружия, взрывчатых и пиротехнических веществ и изделий с их применением",Инфраструктура и оборудование,87
by_sphere_and_type,"в области охраны окружающей среды, воспроизводства и использования природных ресурсов",Отчетность и уведомления,87
by_sphere_and_type,"при проведении операций по недропользованию в области углеводородов, добычи урана;",Инфраструктура и оборудование,87
by_sphere_and_type,за системой образования,Отчетность и уведомления,85
by_sphere_and_type,в области теплоэнергетики,Операционные процессы,84
by_sphere_and_type,"в области архитектуры, градостроительства и строительства",Инфраструктура и оборудование,83
by_sphere_and_type,"в области охраны окружающей среды, воспроизводства и использования природных ресурсов",Документы и записи,82
by_sphere_and_type,в области семеноводства,Документы и записи,81
by_sphere_and_type,в области технического регулирования,Отчетность и уведомления,81
by_sphere_and_type,в сфере государственных услуг,Операционные процессы,81
by_sphere_and_type,в сфере государственного аудита,Некачественные данные,80
by_sphere_and_type,"в области оборота ядов, вооружения, военной техники и отдельных видов оружия, взрывчатых и пиротехнических веществ и изделий с их применением",Документы и записи,77
by_sphere_and_type,в области семеноводства,Операционные процессы,76
by_sphere_and_type,за соблюдением законодательства Республики Казахстан о Национальном архивном фонде и архивах,Операционные процессы,76
by_sphere_and_type,в области защиты растений;,Документы и записи,73
by_sphere_and_type,в области технического регулирования,Согласования и разрешения,73
by_sphere_and_type,за соблюдением трудового законодательства Республики Казахстан и законодательства Республики Казахстан о занятости населения;,Операционные процессы,73
by_sphere_and_type,за соблюдением законодательства Республики Казахстан об игорном бизнесе,Отчетность и уведомления,72
by_sphere_and_type,за соблюдением законодательства Республики Казахстан об игорном бизнесе,Инфраструктура и оборудование,71
by_sphere_and_type,в сфере транспорта,Документы и записи,70
by_sphere_and_type,за соблюдением законодательства Республики Казахстан о товарных биржах,Операционные процессы,68
by_sphere_and_type,в области теплоэнергетики,Документы и записи,67
by_sphere_and_type,"при проведении операций по недропользованию в области углеводородов, добычи урана;",Запреты и ограничения,67
by_sphere_and_type,"в области охраны окружающей среды, воспроизводства и использования природных ресурсов",Инфраструктура и оборудование,65
by_sphere_and_type,"в области оборота ядов, вооружения, военной техники и отдельных видов оружия, взрывчатых и пиротехнических веществ и изделий с их применением",Персонал и обучение,64
by_sphere_and_type,в области пожарной безопасности,Персонал и обучение,64
by_sphere_and_type,в сфере управления жилищным фондом,Документы и записи,63
by_sphere_and_type,за соблюдением законодательства Республики Казахстан о масс-медиа,Операционные процессы,63
by_sphere_and_type,в сферах естественных монополий,Отчетность и уведомления,62
by_sphere_and_type,по вопросам проверок за деятельностью местных исполнительных органов по делам архитектуры и градостроительства,Документы и записи,62
by_sphere_and_type,"в сфере деятельности организаций, управляющих имущественными правами на коллективной основе",Операционные процессы,61
by_sphere_and_type,"за состоянием антитеррористической защиты объектов, уязвимых в террористическом отношении, за исключением объектов Республики Казахстан, охраняемых Вооруженными Силами, другими войсками и воинскими формированиями Республики Казахстан, а также специальными государственными органами, и исполнением их руководителями требований, предусмотренных законодательством Республики Казахстан о противодействии терроризму",Инфраструктура и оборудование,61
by_sphere_and_type,в области железнодорожного транспорта,Персонал и обучение,60
by_sphere_and_type,за соблюдением законодательства Республики Казахстан об игорном бизнесе,Запреты и ограничения,60
by_sphere_and_type,в области социальной защиты лиц с инвалидностью,Отчетность и уведомления,59
by_sphere_and_type,по вопросам проверок за деятельностью местных исполнительных органов по делам строительства,Операционные процессы,59
by_sphere_and_type,за качеством оказываемых медицинских и специальных социальных услуг,Согласования и разрешения,58
by_sphere_and_type,в области железнодорожного транспорта,Отчетность и уведомления,57
by_sphere_and_type,в области поддержки и защиты субъектов предпринимательства,Документы и записи,57
by_sphere_and_type,по вопросам проверок за деятельностью местных исполнительных органов по делам государственного архитектурно-строительного контроля и надзора,Операционные процессы,57
by_sphere_and_type,в области промышленной безопасности,Финансовые обязательства,56
by_sphere_and_type,"в области оборота ядов, вооружения, военной техники и отдельных видов оружия, взрывчатых и пиротехнических веществ и изделий с их применением",Согласования и разрешения,54
by_sphere_and_type,"за деятельностью специализированных учебных центров по подготовке и повышению квалификации работников, занимающих должности руководителя и охранника в частной охранной организации",Операционные процессы,54
by_sphere_and_type,в области аудиторской деятельности и деятельности профессиональных аудиторских организаций,Операционные процессы,53
by_sphere_and_type,в области поддержки и защиты субъектов предпринимательства,Согласования и разрешения,53
by_sphere_and_type,за соблюдением законодательства Республики Казахстан о лотереях и лотерейной деятельности,Операционные процессы,53
by_sphere_and_type,за соблюдением законодательства Республики Казахстан о масс-медиа,Отчетность и уведомления,53
by_sphere_and_type,"в области охраны окружающей среды, воспроизводства и использования природных ресурсов",Запреты и ограничения,52
by_sphere_and_type,за охранной деятельностью,Персонал и обучение,52
by_sphere_and_type,в области семеноводства,Отчетность и уведомления,51
by_sphere_and_type,в сфере транспорта,Отчетность и уведомления,51
by_sphere_and_type,"в области архитектуры, градостроительства и строительства за деятельностью местных исполнительных органов по делам архитектуры, градостроительства, строительства и государственного архитектурно-строительного контроля и надзора",Согласования и разрешения,50
by_sphere_and_type,в области защиты прав ребенка,Персонал и обучение,50
by_sphere_and_type,в области метрологии,Согласования и разрешения,49
by_sphere_and_type,в области племенного животноводства и пчеловодства,Операционные процессы,49
by_sphere_and_type,за соблюдением законодательства Республики Казахстан о товарных биржах,Отчетность и уведомления,49
by_sphere_and_type,"при проведении операций по недропользованию в области углеводородов, добычи урана;",Документы и записи,49
by_sphere_and_type,в сфере санитарно-эпидемиологического благополучия населения,Согласования и разрешения,47
by_sphere_and_type,за использованием и охраной земель,Отчетность и уведомления,47
by_sphere_and_type,в области карантина растений,Операционные процессы,46
by_sphere_and_type,по вопросам проверок за деятельностью местных исполнительных органов по делам архитектуры и градостроительства,Операционные процессы,46
by_sphere_and_type,"в области использования и охраны водного фонда Республики Казахстан, безопасности плотин",Операционные процессы,45
by_sphere_and_type,в области метрологии,Документы и записи,45
by_sphere_and_type,за соблюдением законодательства Республики Казахстан об аккредитации в области оценки соответствия,Документы и записи,45
by_sphere_and_type,за охранной деятельностью,Документы и записи,44
by_sphere_and_type,за соблюдением законодательства Республики Казахстан о государственных закупках,Некачественные данные,44
by_sphere_and_type,"за соблюдением законодательства Республики Казахстан о противодействии легализации (отмыванию) доходов, полученных преступным путем, и финансированию терроризма",Отчетность и уведомления,44
by_sphere_and_type,"""государственный контроль за проведением реабилитационной процедуры и процедуры банкротства;""",Документы и записи,43
by_sphere_and_type,"в области архитектуры, градостроительства и строительства",Персонал и обучение,43
by_sphere_and_type,в сфере предоставления специальных социальных услуг,Отчетность и уведомления,42
by_sphere_and_type,за системой образования,Запреты и ограничения,42
by_sphere_and_type,в области защиты растений;,Отчетность и уведомления,41
by_sphere_and_type,в сфере информатизации(в части обеспечения информационной безопасности),Инфраструктура и оборудование,41
by_sphere_and_type,в области энергосбережения и повышения энергоэффективности,Операционные процессы,40
by_sphere_and_type,в сфере государственных услуг,Отчетность и уведомления,40
by_sphere_and_type,в сфере транспорта,Персонал и обучение,40
by_sphere_and_type,"за соблюдением законодательства Республики Казахстан о противодействии легализации (отмыванию) доходов, полученных преступным путем, и финансированию терроризма",Операционные процессы,40
by_sphere_and_type,за соблюдением законодательства Республики Казахстан о регулировании торговой деятельности,Операционные процессы,40
by_sphere_and_type,в области автомобильного транспорта,Инфраструктура и оборудование,38
by_sphere_and_type,в области бухгалтерского учета и финансовой отчетности,Некачественные данные,38
by_sphere_and_type,в сфере управления жилищным фондом,Операционные процессы,38
by_sphere_and_type,"в сфере обращения лекарственных средств, изделий медицинского назначения и медицинской техники",Отчетность и уведомления,37
by_sphere_and_type,за соблюдением выполнения условий контрактов в области недропользования,Некачественные данные,37
by_sphere_and_type,за использованием и охраной земель,Документы и записи,36
by_sphere_and_type,"в области использования атомной энергии – для субъектов, осуществляющих деятельность с объектами III и IV категорий потенциальной радиационной опасности, за исключением ядерных установок;",Технические параметры и нормативы,35
by_sphere_and_type,в области поддержки и защиты субъектов предпринимательства,Отчетность и уведомления,35
by_sphere_and_type,за соблюдением законодательства Республики Казахстан об аккредитации в области оценки соответствия,Отчетность и уведомления,35
by_sphere_and_type,за соблюдением законодательства Республики Казахстан об игорном бизнесе,Документы и записи,35
by_sphere_and_type,"в области архитектуры, градостроительства и строительства",Согласования и разрешения,34
by_sphere_and_type,в сфере нотариальной деятельности,Операционные процессы,34
by_sphere_and_type,"в сфере обращения лекарственных средств, изделий медицинского назначения и медицинской техники",Согласования и разрешения,34
by_sphere_and_type,"в сфере регистрации юридических лиц, филиалов и представительств, являющихся коммерческими организациями",Запреты и ограничения,34
by_sphere_and_type,в сфере санитарно-эпидемиологического благополучия населения,Отчетность и уведомления,34
by_sphere_and_type,"за деятельностью по монтажу, наладке и техническому обслуживанию средств охранной сигнализации",Операционные процессы,34
by_sphere_and_type,в области регулирования рынка зерна,Операционные процессы,33
by_sphere_and_type,"в сферах обеспечения информационной безопасности и специальных технических средств, предназначенных для проведения оперативно-розыскных мероприятий",Инфраструктура и оборудование,33
by_sphere_and_type,за соблюдением законодательства Республики Казахстан о магистральном трубопроводе,Операционные процессы,33
by_sphere_and_type,в области защиты прав ребенка,Инфраструктура и оборудование,32
by_sphere_and_type,в области производства органической продукции,Операционные процессы,32
by_sphere_and_type,в области технического регулирования,Персонал и обучение,32
by_sphere_and_type,в области электроэнергетики,Финансовые обязательства,32
by_sphere_and_type,в сфере государственного контроля за деятельностью коллекторских агентств,Операционные процессы,32
by_sphere_and_type,в сфере государственной службы государственными органами и норм служебной этики государственными служащими,Отчетность и уведомления,32
by_sphere_and_type,"в области архитектуры, градостроительства и строительства",Отчетность и уведомления,31
by_sphere_and_type,в области энергосбережения и повышения энергоэффективности,Инфраструктура и оборудование,31
by_sphere_and_type,В области промышленной безопасности по соблюдению требований безопасной эксплуатации опасных технических устройств в пределах границ населенных пунктов на объектах социальной инфраструктуры,Документы и записи,30
by_sphere_and_type,в области аудиторской деятельности и деятельности профессиональных аудиторских организаций,Отчетность и уведомления,30
by_sphere_and_type,в области гражданской обороны,Согласования и разрешения,30
by_sphere_and_type,в области железнодорожного транспорта,Согласования и разрешения,30
by_sphere_and_type,"в области использования атомной энергии – для субъектов, осуществляющих деятельность с объектами III и IV категорий потенциальной радиационной опасности, за исключением ядерных установок;",Отчетность и уведомления,30
by_sphere_and_type,"в области использования и охраны водного фонда Республики Казахстан, безопасности плотин",Документы и записи,30
by_sphere_and_type,за соблюдением законодательства Республики Казахстан о Национальном архивном фонде и архивах,Согласования и разрешения,30
by_sphere_and_type,за соблюдением законодательства Республики Казахстан об электронном документе и электронной цифровой подписи,Операционные процессы,30
by_sphere_and_type,"земельных отношений, влияющих на земельные правоотношения и не являющихся субъектами частного предпринимательства",Операционные процессы,30
by_sphere_and_type,"при проведении операций по недропользованию в области углеводородов, добычи урана;",Отчетность и уведомления,29
by_sphere_and_type,"в области архитектуры, градостроительства и строительства за деятельностью местных исполнительных органов по делам архитектуры, градостроительства, строительства и государственного архитектурно-строительного контроля и надзора",Отчетность и уведомления,28
by_sphere_and_type,в области ветеринарии,Согласования и разрешения,28
by_sphere_and_type,в области изучения и использования недр,Отчетность и уведомления,28
by_sphere_and_type,в области племенного животноводства и пчеловодства,Инфраструктура и оборудование,28
by_sphere_and_type,в сфере естественных монополий по услугам подачи воды по каналам и регулирования поверхностного стока при помощи подпорных гидротехнических сооружений,Операционные процессы,28
by_sphere_and_type,в сфере нотариальной деятельности,Документы и записи,28
by_sphere_and_type,в области ветеринарии,Технические параметры и нормативы,27
by_sphere_and_type,"в области использования атомной энергии – для субъектов, осуществляющих деятельность с объектами III и IV категорий потенциальной радиационной опасности, за исключением ядерных установок;",Персонал и обучение,27
by_sphere_and_type,"в области охраны окружающей среды, воспроизводства и использования природных ресурсов",Согласования и разрешения,27
by_sphere_and_type,"в области охраны, воспроизводства и использования животного мира",Операционные процессы,27
by_sphere_and_type,за соблюдением законодательства Республики Казахстан о товарных биржах,Документы и записи,27
by_sphere_and_type,"""государственный контроль за проведением реабилитационной процедуры и процедуры банкротства;""",Согласования и разрешения,26
by_sphere_and_type,в области безопасности и качества хлопка,Документы и записи,26
by_sphere_and_type,"в области использования атомной энергии – для субъектов, осуществляющих деятельность с объектами III и IV категорий потенциальной радиационной опасности, за исключением ядерных установок;",Согласования и разрешения,26
by_sphere_and_type,в сфере транспорта,Согласования и разрешения,26
by_sphere_and_type,за соблюдением законодательства Республики Казахстан о магистральном трубопроводе,Документы и записи,26
by_sphere_and_type,за соблюдением законодательства Республики Казахстан о телерадиовещании,Отчетность и уведомления,26
by_sphere_and_type,за соблюдением трудового законодательства Республики Казахстан и законодательства Республики Казахстан о занятости населения;,Персонал и обучение,26
by_sphere_and_type,по вопросам проверок за деятельностью местных исполнительных органов по делам государственного архитектурно-строительного контроля и надзора,Документы и записи,26
by_sphere_and_type,"в области использования и охраны водного фонда Республики Казахстан, безопасности плотин",Инфраструктура и оборудование,25
by_sphere_and_type,в области оценочной деятельности,Операционные процессы,25
by_sphere_and_type,в области соблюдения законодательства Республики Казахстан о Национальном архивном фонде и архивах,Операционные процессы,25
by_sphere_and_type,по вопросам проверок за деятельностью местных исполнительных органов по делам строительства,Согласования и разрешения,25
by_sphere_and_type,в области защиты прав ребенка,Отчетность и уведомления,24
by_sphere_and_type,"в области использования атомной энергии – для субъектов, осуществляющих деятельность с объектами III и IV категорий потенциальной радиационной опасности, за исключением ядерных установок;",Запреты и ограничения,24
by_sphere_and_type,"в области использования и охраны водного фонда Республики Казахстан, безопасности плотин",Согласования и разрешения,24
by_sphere_and_type,в сферах естественных монополий,Запреты и ограничения,24
by_sphere_and_type,в сфере государственного контроля за деятельностью коллекторских агентств,Отчетность и уведомления,24
by_sphere_and_type,"в сфере регистрации юридических лиц, филиалов и представительств, являющихся коммерческими организациями",Отчетность и уведомления,24
by_sphere_and_type,за соблюдением законодательства Республики Казахстан об игорном бизнесе,Согласования и разрешения,24
by_sphere_and_type,в области государственной статистики,Операционные процессы,23
by_sphere_and_type,в области обязательного страхования гражданско-правовой ответственности владельцев транспортных средств и перевозчика перед пассажирами,Некачественные данные,23
by_sphere_and_type,в области промышленности,Инфраструктура и оборудование,23
by_sphere_and_type,в области теплоэнергетики,Инфраструктура и оборудование,23
by_sphere_and_type,в области торгового мореплавания;,Операционные процессы,23
by_sphere_and_type,в сфере естественных монополий по услугам подачи воды по каналам и регулирования поверхностного стока при помощи подпорных гидротехнических сооружений,Отчетность и уведомления,23
by_sphere_and_type,в сфере управления жилищным фондом,Инфраструктура и оборудование,23
by_sphere_and_type,за производством и оборотом отдельных видов нефтепродуктов,Операционные процессы,23
by_sphere_and_type,за системой образования (основное среднее образование),Операционные процессы,23
by_sphere_and_type,в области защиты прав ребенка,Согласования и разрешения,22
by_sphere_and_type,в области племенного животноводства и пчеловодства,Документы и записи,22
by_sphere_and_type,в области регулирования рынка зерна,Документы и записи,22
by_sphere_and_type,в сфере санитарно-эпидемиологического благополучия населения,Финансовые обязательства,22
by_sphere_and_type,за обязательным экологическим страхованием,Некачественные данные,22
by_sphere_and_type,за соблюдением законодательства Республики Казахстан о телерадиовещании,Документы и записи,22
by_sphere_and_type,по вопросам проверок за деятельностью местных исполнительных органов по делам государственного архитектурно-строительного контроля и надзора,Персонал и обучение,22
by_sphere_and_type,в области применения законодательства Республики Казахстан о языках,Операционные процессы,21
by_sphere_and_type,в сфере деятельности палат юридических консультантов,Операционные процессы,21
by_sphere_and_type,за системой образования (общее среднее образование),Операционные процессы,21
by_sphere_and_type,за соблюдением законодательства Республики Казахстан о магистральном трубопроводе,Инфраструктура и оборудование,21
by_sphere_and_type,"при проведении операций по недропользованию в области углеводородов, добычи урана;",Технические параметры и нормативы,21
by_sphere_and_type,В области промышленной безопасности по соблюдению требований безопасной эксплуатации опасных технических устройств в пределах границ населенных пунктов на объектах социальной инфраструктуры,Операционные процессы,20
by_sphere_and_type,в области ветеринарии,Персонал и обучение,20
by_sphere_and_type,в области гражданской обороны,Персонал и обучение,20
by_sphere_and_type,в области железнодорожного транспорта,Запреты и ограничения,20
by_sphere_and_type,в области теплоэнергетики,Персонал и обучение,20
by_sphere_and_type,в сфере государственного контроля за деятельностью коллекторских агентств,Запреты и ограничения,20
by_sphere_and_type,в сфере государственной регистрации прав на недвижимое имущество,Запреты и ограничения,20
by_sphere_and_type,за соблюдением законодательства Республики Казахстан о туристской деятельности,Отчетность и уведомления,20
by_sphere_and_type,в области гражданской обороны,Финансовые обязательства,19
by_sphere_and_type,"за деятельностью по монтажу, наладке и техническому обслуживанию средств охранной сигнализации",Персонал и обучение,19
by_sphere_and_type,"за деятельностью специализированных учебных центров по подготовке и повышению квалификации работников, занимающих должности руководителя и охранника в частной охранной организации",Персонал и обучение,19
by_sphere_and_type,НацГвардия (в сфере санитарно-эпидемиологического благополучия населения),Операционные процессы,18
by_sphere_and_type,в области изучения и использования недр,Документы и записи,18
by_sphere_and_type,в области метрологии,Отчетность и уведомления,18
by_sphere_and_type,в области оценочной деятельности,Отчетность и уведомления,18
by_sphere_and_type,в области семеноводства,Технические параметры и нормативы,18
by_sphere_and_type,в области энергосбережения и повышения энергоэффективности,Отчетность и уведомления,18
by_sphere_and_type,в сфере государственной службы государственными органами и норм служебной этики государственными служащими,Документы и записи,18
by_sphere_and_type,"в сфере обращения лекарственных средств, изделий медицинского назначения и медицинской техники",Технические параметры и нормативы,18
by_sphere_and_type,в сфере транспорта,Запреты и ограничения,18
by_sphere_and_type,за соблюдением трудового законодательства Республики Казахстан и законодательства Республики Казахстан о занятости населения;,Документы и записи,18
by_sphere_and_type,В области промышленной безопасности по соблюдению требований безопасной эксплуатации опасных технических устройств в пределах границ населенных пунктов на объектах социальной инфраструктуры,Инфраструктура и оборудование,17
by_sphere_and_type,МинОбороны (в сфере санитарно-эпидемиологического благополучия населения),Операционные процессы,17
by_sphere_and_type,"в области использования и охраны водного фонда Республики Казахстан, безопасности плотин",Отчетность и уведомления,17
by_sphere_and_type,"в сферах обеспечения информационной безопасности и специальных технических средств, предназначенных для проведения оперативно-розыскных мероприятий",Отчетность и уведомления,17
by_sphere_and_type,за производством и оборотом отдельных видов нефтепродуктов,Отчетность и уведомления,17
by_sphere_and_type,за соблюдением законодательства Республики Казахстан о регулировании торговой деятельности,Документы и записи,17
by_sphere_and_type,"при проведении операций по недропользованию в области углеводородов, добычи урана;",Согласования и разрешения,17
by_sphere_and_type,в области автомобильного транспорта,Персонал и обучение,16
by_sphere_and_type,"в области архитектуры, градостроительства и строительства за деятельностью местных исполнительных органов по делам архитектуры, градостроительства, строительства и государственного архитектурно-строительного контроля и надзора",Инфраструктура и оборудование,16
by_sphere_and_type,в области безопасности и качества хлопка,Операционные процессы,16
by_sphere_and_type,в области метрологии,Персонал и обучение,16
by_sphere_and_type,в области племенного животноводства и пчеловодства,Отчетность и уведомления,16
by_sphere_and_type,в области теплоэнергетики,Отчетность и уведомления,16
by_sphere_and_type,за качеством оказываемых медицинских и специальных социальных услуг,Технические параметры и нормативы,16
by_sphere_and_type,по вопросам проверок за деятельностью местных исполнительных органов по делам государственного архитектурно-строительного контроля и надзора,Инфраструктура и оборудование,16
by_sphere_and_type,по вопросам проверок за деятельностью местных исполнительных органов по делам государственного архитектурно-строительного контроля и надзора,Отчетность и уведомления,16
by_sphere_and_type,"при проведении операций по недропользованию в области углеводородов, добычи урана;",Персонал и обучение,16
by_sphere_and_type,в области автомобильного транспорта,Документы и записи,15
by_sphere_and_type,в области семеноводства,Персонал и обучение,15
by_sphere_and_type,в области социальной защиты лиц с инвалидностью,Документы и записи,15
by_sphere_and_type,"в сферах обеспечения информационной безопасности и специальных технических средств, предназначенных для проведения оперативно-розыскных мероприятий",Согласования и разрешения,15
by_sphere_and_type,в сфере госимущества и приватизации,Некачественные данные,15
by_sphere_and_type,"за деятельностью по монтажу, наладке и техническому обслуживанию средств охранной сигнализации",Документы и записи,15
by_sphere_and_type,"за системой образования (техническое и профессиональное, послесреднее образование)",Персонал и обучение,15
by_sphere_and_type,за соблюдением законодательства Республики Казахстан о Национальном архивном фонде и архивах,Отчетность и уведомления,15
by_sphere_and_type,"за состоянием антитеррористической защиты объектов, уязвимых в террористическом отношении, за исключением объектов Республики Казахстан, охраняемых Вооруженными Силами, другими войсками и воинскими формированиями Республики Казахстан, а также специальными государственными органами, и исполнением их руководителями требований, предусмотренных законодательством Республики Казахстан о противодействии терроризму",Операционные процессы,15
by_sphere_and_type,в области автомобильного транспорта,Отчетность и уведомления,14
by_sphere_and_type,в области гражданской обороны,Технические параметры и нормативы,14
by_sphere_and_type,в области защиты растений;,Персонал и обучение,14
by_sphere_and_type,"в области оборота ядов, вооружения, военной техники и отдельных видов оружия, взрывчатых и пиротехнических веществ и изделий с их применением",Отчетность и уведомления,14
by_sphere_and_type,"в области охраны, воспроизводства и использования животного мира",Документы и записи,14
by_sphere_and_type,в области оценочной деятельности,Документы и записи,14
by_sphere_and_type,в области пожарной безопасности,Согласования и разрешения,14
by_sphere_and_type,в сферах естественных монополий,Документы и записи,14
by_sphere_and_type,"в сфере регистрации юридических лиц, филиалов и представительств, являющихся коммерческими организациями",Документы и записи,14
by_sphere_and_type,"за деятельностью специализированных учебных центров по подготовке и повышению квалификации работников, занимающих должности руководителя и охранника в частной охранной организации",Документы и записи,14
by_sphere_and_type,за охранной деятельностью,Отчетность и уведомления,14
by_sphere_and_type,за охраной и использованием объектов историко-культурного наследия,Документы и записи,14
by_sphere_and_type,за системой образования (высшее и послевузовское образование),Операционные процессы,14
by_sphere_and_type,за соблюдением законодательства Республики Казахстан о туристской деятельности,Документы и записи,14
by_sphere_and_type,"за соблюдением порядка ценообразования и обязанностей субъекта общественно значимого рынка, установленных настоящим Кодексом;",Операционные процессы,14
by_sphere_and_type,за соблюдением трудового законодательства Республики Казахстан и законодательства Республики Казахстан о занятости населения;,Отчетность и уведомления,14
by_sphere_and_type,по вопросам проверок за деятельностью местных исполнительных органов по делам государственного архитектурно-строительного контроля и надзора,Согласования и разрешения,14
by_sphere_and_type,регистрациия прав на недвижимое имущество,Запреты и ограничения,14
by_sphere_and_type,в области бухгалтерского учета и финансовой отчетности,Отчетность и уведомления,13
by_sphere_and_type,в области гражданской обороны,Отчетность и уведомления,13
by_sphere_and_type,в области промышленности,Операционные процессы,13
by_sphere_and_type,в сфере нотариальной деятельности,Отчетность и уведомления,13
by_sphere_and_type,в сфере реализации ювелирных и других изделий из драгоценных металлов и драгоценных камней,Операционные процессы,13
by_sphere_and_type,в сфере регистрации актов гражданского состояния,Запреты и ограничения,13
by_sphere_and_type,"в сфере регистрации юридических лиц, филиалов и представительств, являющихся коммерческими организациями",Согласования и разрешения,13
by_sphere_and_type,за системой образования,Технические параметры и нормативы,13
by_sphere_and_type,за соблюдением законодательства Республики Казахстан о телерадиовещании,Согласования и разрешения,13
by_sphere_and_type,за соблюдением законодательства Республики Казахстан о языках в части размещения реквизитов и визуальной информации,Операционные процессы,13
by_sphere_and_type,"за соблюдением порядка ценообразования и обязанностей субъекта общественно значимого рынка, установленных настоящим Кодексом;",Отчетность и уведомления,13
by_sphere_and_type,в области ветеринарии,Финансовые обязательства,12
by_sphere_and_type,в области связи,Документы и записи,12
by_sphere_and_type,в области семеноводства,Инфраструктура и оборудование,12
by_sphere_and_type,в сфере информатизации(в части обеспечения информационной безопасности),Отчетность и уведомления,12
by_sphere_and_type,в сфере регистрации актов гражданского состояния,Отчетность и уведомления,12
by_sphere_and_type,за соблюдением законодательства Республики Казахстан о масс-медиа,Запреты и ограничения,12
by_sphere_and_type,по вопросам проверок за деятельностью местных исполнительных органов по делам строительства,Документы и записи,12
by_sphere_and_type,в области аудиторской деятельности и деятельности профессиональных аудиторских организаций,Документы и записи,11
by_sphere_and_type,в области карантина растений,Согласования и разрешения,11
by_sphere_and_type,в области разрешительного контроля,Инфраструктура и оборудование,11
by_sphere_and_type,в области регулирования рынка зерна,Отчетность и уведомления,11
by_sphere_and_type,в области связи,Инфраструктура и оборудование,11
by_sphere_and_type,"в сферах обеспечения информационной безопасности и специальных технических средств, предназначенных для проведения оперативно-розыскных мероприятий",Документы и записи,11
by_sphere_and_type,"в сферах обеспечения информационной безопасности и специальных технических средств, предназначенных для проведения оперативно-розыскных мероприятий",Персонал и обучение,11
by_sphere_and_type,в сфере государственных услуг,Запреты и ограничения,11
by_sphere_and_type,в сфере цифровых активов,Документы и записи,11
by_sphere_and_type,за обеспечением безопасности дорожного движения,Некачественные данные,11
by_sphere_and_type,за обращением с отходами,Некачественные данные,11
by_sphere_and_type,за системой образования (начальное образование),Операционные процессы,11
by_sphere_and_type,за соблюдением законодательства Республики Казахстан о Национальном архивном фонде и архивах,Инфраструктура и оборудование,11
by_sphere_and_type,"за соблюдением правил воинского учета военнообязанных и призывников организациями, военнообязанными и призывниками",Отчетность и уведомления,11
by_sphere_and_type,МинОбороны (в сфере санитарно-эпидемиологического благополучия населения),Инфраструктура и оборудование,10
by_sphere_and_type,НацГвардия (в сфере санитарно-эпидемиологического благополучия населения),Инфраструктура и оборудование,10
by_sphere_and_type,в области автомобильного транспорта,Согласования и разрешения,10
by_sphere_and_type,в области изучения и использования недр,Запреты и ограничения,10
by_sphere_and_type,в области оценочной деятельности,Согласования и разрешения,10
by_sphere_and_type,в области теплоэнергетики,Согласования и разрешения,10
by_sphere_and_type,в области энергосбережения и повышения энергоэффективности,Запреты и ограничения,10
by_sphere_and_type,в сферах естественных монополий,Согласования и разрешения,10
by_sphere_and_type,в сферах естественных монополий (услуг аэропортов и аэронавигации) и за соблюдением порядка ценообразования и обязанностей субъекта общественно значимого рынка (услуг аэропортов),Отчетность и уведомления,10
by_sphere_and_type,"в сферах обеспечения информационной безопасности и специальных технических средств, предназначенных для проведения оперативно-розыскных мероприятий",Операционные процессы,10
by_sphere_and_type,в сфере государственных услуг,Документы и записи,10
by_sphere_and_type,в сфере регистрации актов гражданского состояния,Операционные процессы,10
by_sphere_and_type,"за деятельностью специализированных учебных центров по подготовке и повышению квалификации работников, занимающих должности руководителя и охранника в частной охранной организации",Отчетность и уведомления,10
by_sphere_and_type,за соблюдением законодательства Республики Казахстан о лотереях и лотерейной деятельности,Отчетность и уведомления,10
by_sphere_and_type,за соблюдением законодательства Республики Казахстан о масс-медиа,Документы и записи,10
by_sphere_and_type,за соблюдением законодательства Республики Казахстан о масс-медиа,Инфраструктура и оборудование,10
by_sphere_and_type,"за соблюдением правил воинского учета военнообязанных и призывников организациями, военнообязанными и призывниками",Операционные процессы,10
by_sphere_and_type,регистрациия прав на недвижимое имущество,Операционные процессы,10
by_sphere_and_type,в области защиты растений;,Инфраструктура и оборудование,9
by_sphere_and_type,в области карантина растений,Инфраструктура и оборудование,9
by_sphere_and_type,"в области охраны, воспроизводства и использования животного мира",Запреты и ограничения,9
by_sphere_and_type,"в области охраны, воспроизводства и использования животного мира",Отчетность и уведомления,9
by_sphere_and_type,в области поддержки и защиты субъектов предпринимательства,Технические параметры и нормативы,9
by_sphere_and_type,в области применения законодательства Республики Казахстан о языках,Документы и записи,9
by_sphere_and_type,в области разрешительного контроля,Согласования и разрешения,9
by_sphere_and_type,в области энергосбережения и повышения энергоэффективности,Документы и записи,9
by_sphere_and_type,в сфере информатизации(в части обеспечения информационной безопасности),Запреты и ограничения,9
by_sphere_and_type,в сфере электронного документооборота и электронных архивов,Документы и записи,9
by_sphere_and_type,"за деятельностью по монтажу, наладке и техническому обслуживанию средств охранной сигнализации",Инфраструктура и оборудование,9
by_sphere_and_type,"за системой образования (техническое и профессиональное, послесреднее образование)",Операционные процессы,9
by_sphere_and_type,за соблюдением законодательства Республики Казахстан о регулировании торговой деятельности,Отчетность и уведомления,9
by_sphere_and_type,за соблюдением законодательства Республики Казахстан о телерадиовещании,Инфраструктура и оборудование,9
by_sphere_and_type,за соблюдением законодательства Республики Казахстан об электронном документе и электронной цифровой подписи,Документы и записи,9
by_sphere_and_type,за финансовым рынком и финансовыми организациями и в области финансового законодательства Республики Казахстан,Некачественные данные,9
by_sphere_and_type,в области внутреннего водного транспорта,Операционные процессы,8
by_sphere_and_type,в области защиты растений;,Согласования и разрешения,8
by_sphere_and_type,в области разрешительного контроля,Документы и записи,8
by_sphere_and_type,в области соблюдения законодательства Республики Казахстан о Национальном архивном фонде и архивах,Согласования и разрешения,8
by_sphere_and_type,в области социальной защиты лиц с инвалидностью,Персонал и обучение,8
by_sphere_and_type,в области торгового мореплавания;,Инфраструктура и оборудование,8
by_sphere_and_type,в сферах естественных монополий,Инфраструктура и оборудование,8
by_sphere_and_type,в сфере государственной регистрации прав на недвижимое имущество,Отчетность и уведомления,8
by_sphere_and_type,в сфере деятельности палат юридических консультантов,Документы и записи,8
by_sphere_and_type,в сфере предоставления специальных социальных услуг,Документы и записи,8
by_sphere_and_type,за использованием и охраной земель,Согласования и разрешения,8
by_sphere_and_type,за охранной деятельностью,Инфраструктура и оборудование,8
by_sphere_and_type,за охраной и использованием объектов историко-культурного наследия,Операционные процессы,8
by_sphere_and_type,за производством и оборотом отдельных видов нефтепродуктов,Запреты и ограничения,8
by_sphere_and_type,за системой образования (начальное образование),Персонал и обучение,8
by_sphere_and_type,за системой образования (основное среднее образование),Персонал и обучение,8
by_sphere_and_type,за соблюдением законодательства Республики Казахстан о магистральном трубопроводе,Отчетность и уведомления,8
by_sphere_and_type,"за соблюдением законодательства Республики Казахстан о противодействии легализации (отмыванию) доходов, полученных преступным путем, и финансированию терроризма",Документы и записи,8
by_sphere_and_type,за соблюдением законодательства Республики Казахстан о специальных экономических зонах,Некачественные данные,8
by_sphere_and_type,за соблюдением законодательства Республики Казахстан о товарных биржах,Согласования и разрешения,8
by_sphere_and_type,"за состоянием антитеррористической защиты объектов, уязвимых в террористическом отношении, за исключением объектов Республики Казахстан, охраняемых Вооруженными Силами, другими войсками и воинскими формированиями Республики Казахстан, а также специальными государственными органами, и исполнением их руководителями требований, предусмотренных законодательством Республики Казахстан о противодействии терроризму",Документы и записи,8
by_sphere_and_type,по вопросам проверок за деятельностью местных исполнительных органов по делам архитектуры и градостроительства,Отчетность и уведомления,8
by_sphere_and_type,НацГвардия (в сфере санитарно-эпидемиологического благополучия населения),Документы и записи,7
by_sphere_and_type,в области бухгалтерского учета и финансовой отчетности,Согласования и разрешения,7
by_sphere_and_type,в области ветеринарии,Запреты и ограничения,7
by_sphere_and_type,в области изучения и использования недр,Согласования и разрешения,7
by_sphere_and_type,в области особо охраняемых природных территорий,Некачественные данные,7
by_sphere_and_type,"в области охраны окружающей среды, воспроизводства и использования природных ресурсов",Персонал и обучение,7
by_sphere_and_type,"в области охраны окружающей среды, воспроизводства и использования природных ресурсов",Технические параметры и нормативы,7
by_sphere_and_type,"в области охраны, воспроизводства и использования животного мира",Согласования и разрешения,7
by_sphere_and_type,в области применения законодательства Республики Казахстан о языках,Отчетность и уведомления,7
by_sphere_and_type,в области производства органической продукции,Отчетность и уведомления,7
by_sphere_and_type,в области регулирования рынка зерна,Инфраструктура и оборудование,7
by_sphere_and_type,в сферах естественных монополий,Финансовые обязательства,7
by_sphere_and_type,в сфере газа и газоснабжения,Документы и записи,7
by_sphere_and_type,в сфере газа и газоснабжения,Запреты и ограничения,7
by_sphere_and_type,в сфере государственной регистрации прав на недвижимое имущество,Документы и записи,7
by_sphere_and_type,в сфере государственной службы государственными органами и норм служебной этики государственными служащими,Согласования и разрешения,7
by_sphere_and_type,в сфере государственных услуг,Персонал и обучение,7
by_sphere_and_type,в сфере деятельности палат юридических консультантов,Согласования и разрешения,7
by_sphere_and_type,в сфере информатизации(в части обеспечения информационной безопасности),Документы и записи,7
by_sphere_and_type,в сфере информатизации(в части обеспечения информационной безопасности),Персонал и обучение,7
by_sphere_and_type,"в сфере обращения лекарственных средств, изделий медицинского назначения и медицинской техники",Запреты и ограничения,7
by_sphere_and_type,в сфере реализации ювелирных и других изделий из драгоценных металлов и драгоценных камней,Согласования и разрешения,7
by_sphere_and_type,"за использованием товарного знака, знака обслуживания, наименования места происхождения товара или фирменного наименования;",Документы и записи,7
by_sphere_and_type,за международными воздушными перевозками,Некачественные данные,7
by_sphere_and_type,за системой образования (высшее и послевузовское образование),Персонал и обучение,7
by_sphere_and_type,за системой образования (общее среднее образование),Персонал и обучение,7
by_sphere_and_type,за соблюдением законодательства Республики Казахстан о лотереях и лотерейной деятельности,Документы и записи,7
by_sphere_and_type,за соблюдением законодательства Республики Казахстан о масс-медиа,Согласования и разрешения,7
by_sphere_and_type,за соблюдением законодательства Республики Казахстан о рекламе,Операционные процессы,7
by_sphere_and_type,за соблюдением правил благоустройства территорий городов и населенных пунктов,Некачественные данные,7
by_sphere_and_type,по вопросам проверок за деятельностью местных исполнительных органов по делам архитектуры и градостроительства,Инфраструктура и оборудование,7
by_sphere_and_type,регистрациия прав на недвижимое имущество,Документы и записи,7
by_sphere_and_type,"""государственный контроль за проведением реабилитационной процедуры и процедуры банкротства;""",Финансовые обязательства,6
by_sphere_and_type,в области аудиторской деятельности и деятельности профессиональных аудиторских организаций,Персонал и обучение,6
by_sphere_and_type,в области государственной статистики,Технические параметры и нормативы,6
by_sphere_and_type,в области карантина растений,Запреты и ограничения,6
by_sphere_and_type,"в области охраны окружающей среды, воспроизводства и использования природных ресурсов",Финансовые обязательства,6
by_sphere_and_type,в области промышленности,Персонал и обучение,6
by_sphere_and_type,в области разрешительного контроля,Отчетность и уведомления,6
by_sphere_and_type,в области теплоэнергетики,Запреты и ограничения,6
by_sphere_and_type,в области торгового мореплавания;,Документы и записи,6
by_sphere_and_type,в сферах естественных монополий (услуг аэропортов и аэронавигации) и за соблюдением порядка ценообразования и обязанностей субъекта общественно значимого рынка (услуг аэропортов),Документы и записи,6
by_sphere_and_type,в сфере газа и газоснабжения,Инфраструктура и оборудование,6
by_sphere_and_type,"в сфере деятельности организаций, управляющих имущественными правами на коллективной основе",Отчетность и уведомления,6
by_sphere_and_type,в сфере естественных монополий по услугам подачи воды по каналам и регулирования поверхностного стока при помощи подпорных гидротехнических сооружений,Согласования и разрешения,6
by_sphere_and_type,в сфере реализации ювелирных и других изделий из драгоценных металлов и драгоценных камней,Документы и записи,6
by_sphere_and_type,в сфере реализации ювелирных и других изделий из драгоценных металлов и драгоценных камней,Отчетность и уведомления,6
by_sphere_and_type,в сфере транспорта,Финансовые обязательства,6
by_sphere_and_type,в сфере управления жилищным фондом,Отчетность и уведомления,6
by_sphere_and_type,"за деятельностью по монтажу, наладке и техническому обслуживанию средств охранной сигнализации",Отчетность и уведомления,6
by_sphere_and_type,за исполнением законодательства Республики Казахстан в области физической культуры и спорта,Некачественные данные,6
by_sphere_and_type,за системой образования (общее среднее образование),Документы и записи,6
by_sphere_and_type,за соблюдением законодательства Республики Казахстан о Национальном архивном фонде и архивах,Технические параметры и нормативы,6
by_sphere_and_type,за соблюдением законодательства Республики Казахстан о защите прав потребителей;,Операционные процессы,6
by_sphere_and_type,за соблюдением законодательства Республики Казахстан о товарных биржах,Персонал и обучение,6
by_sphere_and_type,за соблюдением законодательства Республики Казахстан об аккредитации в области оценки соответствия,Инфраструктура и оборудование,6
by_sphere_and_type,за соблюдением трудового законодательства Республики Казахстан и законодательства Республики Казахстан о занятости населения;,Финансовые обязательства,6
by_sphere_and_type,по вопросам проверок за деятельностью местных исполнительных органов по делам строительства,Отчетность и уведомления,6
by_sphere_and_type,В сфере газа и газоснабжения на объектах социальной инфраструктуры,Документы и записи,5
by_sphere_and_type,в области автомобильного транспорта,Запреты и ограничения,5
by_sphere_and_type,в области безопасности и качества хлопка,Согласования и разрешения,5
by_sphere_and_type,в области бухгалтерского учета и финансовой отчетности,Операционные процессы,5
by_sphere_and_type,в области внутреннего водного транспорта;,Операционные процессы,5
by_sphere_and_type,в области железнодорожного транспорта,Финансовые обязательства,5
by_sphere_and_type,в области защиты растений;,Запреты и ограничения,5
by_sphere_and_type,в области метрологии,Финансовые обязательства,5
by_sphere_and_type,в области племенного животноводства и пчеловодства,Согласования и разрешения,5
by_sphere_and_type,в области промышленности,Согласования и разрешения,5
by_sphere_and_type,в области связи,Согласования и разрешения,5
by_sphere_and_type,в области социальной защиты лиц с инвалидностью,Инфраструктура и оборудование,5
by_sphere_and_type,в области энергосбережения и повышения энергоэффективности,Согласования и разрешения,5
by_sphere_and_type,в сфере государственной службы государственными органами и норм служебной этики государственными служащими,Инфраструктура и оборудование,5
by_sphere_and_type,в сфере государственной службы государственными органами и норм служебной этики государственными служащими,Персонал и обучение,5
by_sphere_and_type,в сфере нотариальной деятельности,Согласования и разрешения,5
by_sphere_and_type,в сфере управления жилищным фондом,Персонал и обучение,5
by_sphere_and_type,в сфере управления жилищным фондом,Согласования и разрешения,5
by_sphere_and_type,в сфере электронного документооборота и электронных архивов,Операционные процессы,5
by_sphere_and_type,за деятельностью инвестиционных фондов,Некачественные данные,5
by_sphere_and_type,за деятельностью микрофинансовых организаций,Некачественные данные,5
by_sphere_and_type,за качеством оказываемых медицинских и специальных социальных услуг,Запреты и ограничения,5
by_sphere_and_type,за охранной деятельностью,Финансовые обязательства,5
by_sphere_and_type,за охраной и использованием объектов историко-культурного наследия,Согласования и разрешения,5
by_sphere_and_type,за системой образования,Финансовые обязательства,5
by_sphere_and_type,за системой образования (начальное образование),Документы и записи,5
by_sphere_and_type,за системой образования (основное среднее образование),Документы и записи,5
by_sphere_and_type,за соблюдением законодательства Республики Казахстан о Национальном архивном фонде и архивах,Персонал и обучение,5
by_sphere_and_type,за соблюдением законодательства Республики Казахстан о защите прав потребителей;,Отчетность и уведомления,5
by_sphere_and_type,за соблюдением законодательства Республики Казахстан о магистральном трубопроводе,Согласования и разрешения,5
by_sphere_and_type,за соблюдением законодательства Республики Казахстан о масс-медиа,Технические параметры и нормативы,5
by_sphere_and_type,за соблюдением законодательства Республики Казахстан о регулировании торговой деятельности,Инфраструктура и оборудование,5
by_sphere_and_type,за соблюдением законодательства Республики Казахстан о регулировании торговой деятельности,Технические параметры и нормативы,5
by_sphere_and_type,за соблюдением законодательства Республики Казахстан о телерадиовещании,Запреты и ограничения,5
by_sphere_and_type,за соблюдением законодательства Республики Казахстан о товарных биржах,Запреты и ограничения,5
by_sphere_and_type,за соблюдением законодательства Республики Казахстан о туристской деятельности,Согласования и разрешения,5
by_sphere_and_type,за соблюдением законодательства Республики Казахстан о языках в части размещения реквизитов и визуальной информации,Документы и записи,5
by_sphere_and_type,за соблюдением трудового законодательства Республики Казахстан и законодательства Республики Казахстан о занятости населения;,Инфраструктура и оборудование,5
by_sphere_and_type,В области промышленной безопасности по соблюдению требований безопасной эксплуатации опасных технических устройств в пределах границ населенных пунктов на объектах социальной инфраструктуры,Отчетность и уведомления,4
by_sphere_and_type,МинОбороны (в сфере санитарно-эпидемиологического благополучия населения),Документы и записи,4
by_sphere_and_type,"в области архитектуры, градостроительства и строительства за деятельностью местных исполнительных органов по делам архитектуры, градостроительства, строительства и государственного архитектурно-строительного контроля и надзора",Персонал и обучение,4
by_sphere_and_type,в области безопасности и качества хлопка,Инфраструктура и оборудование,4
by_sphere_and_type,в области безопасности и качества хлопка,Отчетность и уведомления,4
by_sphere_and_type,в области внутреннего водного транспорта;,Инфраструктура и оборудование,4
by_sphere_and_type,"в области использования и охраны водного фонда Республики Казахстан, безопасности плотин",Запреты и ограничения,4
by_sphere_and_type,в области карантина растений,Отчетность и уведомления,4
by_sphere_and_type,в области карантина растений,Технические параметры и нормативы,4
by_sphere_and_type,в области метрологии,Инфраструктура и оборудование,4
by_sphere_and_type,в области обязательного страхования гражданско-правовой ответственности владельцев транспортных средств и перевозчика перед пассажирами на пунктах пропуска через Государственную границу Республики Казахстан,Некачественные данные,4
by_sphere_and_type,"в области охраны, воспроизводства и использования животного мира",Инфраструктура и оборудование,4
by_sphere_and_type,в области производства биотоплива,Документы и записи,4
by_sphere_and_type,в области связи,Отчетность и уведомления,4
by_sphere_and_type,в области теплоэнергетики,Финансовые обязательства,4
by_sphere_and_type,в области технического регулирования,Финансовые обязательства,4
by_sphere_and_type,в области торгового мореплавания;,Технические параметры и нормативы,4
by_sphere_and_type,в сфере газа и газоснабжения,Согласования и разрешения,4
by_sphere_and_type,в сфере государственной регистрации прав на недвижимое имущество,Операционные процессы,4
by_sphere_and_type,в сфере государственных услуг,Согласования и разрешения,4
by_sphere_and_type,в сфере деятельности палат юридических консультантов,Отчетность и уведомления,4
by_sphere_and_type,в сфере естественных монополий по услугам подачи воды по каналам и регулирования поверхностного стока при помощи подпорных гидротехнических сооружений,Документы и записи,4
by_sphere_and_type,в сфере информатизации,Документы и записи,4
by_sphere_and_type,в сфере информатизации,Инфраструктура и оборудование,4
by_sphere_and_type,в сфере информатизации,Отчетность и уведомления,4
by_sphere_and_type,в сфере нотариальной деятельности,Инфраструктура и оборудование,4
by_sphere_and_type,в сфере регистрации актов гражданского состояния,Персонал и обучение,4
by_sphere_and_type,"за деятельностью специализированных учебных центров по подготовке и повышению квалификации работников, занимающих должности руководителя и охранника в частной охранной организации",Инфраструктура и оборудование,4
by_sphere_and_type,за использованием и охраной земель,Инфраструктура и оборудование,4
by_sphere_and_type,за производством и оборотом отдельных видов нефтепродуктов,Документы и записи,4
by_sphere_and_type,за соблюдением законодательства Республики Казахстан о Национальном архивном фонде и архивах,Запреты и ограничения,4
by_sphere_and_type,за соблюдением законодательства Республики Казахстан о лотереях и лотерейной деятельности,Запреты и ограничения,4
by_sphere_and_type,за соблюдением законодательства Республики Казахстан о туристской деятельности,Операционные процессы,4
by_sphere_and_type,за соблюдением законодательства Республики Казахстан о языках в части размещения реквизитов и визуальной информации,Отчетность и уведомления,4
by_sphere_and_type,"за соблюдением порядка ценообразования и обязанностей субъекта общественно значимого рынка, установленных настоящим Кодексом;",Документы и записи,4
by_sphere_and_type,регистрациия прав на недвижимое имущество,Отчетность и уведомления,4
by_sphere_and_type,регистрациия прав на недвижимое имущество,Персонал и обучение,4
by_sphere_and_type,В области промышленной безопасности по соблюдению требований безопасной эксплуатации опасных технических устройств в пределах границ населенных пунктов на объектах социальной инфраструктуры,Персонал и обучение,3
by_sphere_and_type,В области промышленной безопасности по соблюдению требований безопасной эксплуатации опасных технических устройств в пределах границ населенных пунктов на объектах социальной инфраструктуры,Технические параметры и нормативы,3
by_sphere_and_type,В сфере газа и газоснабжения на объектах социальной инфраструктуры,Инфраструктура и оборудование,3
by_sphere_and_type,В сфере газа и газоснабжения на объектах социальной инфраструктуры,Операционные процессы,3
by_sphere_and_type,МинОбороны (в сфере санитарно-эпидемиологического благополучия населения),Персонал и обучение,3
by_sphere_and_type,НацГвардия (в сфере санитарно-эпидемиологического благополучия населения),Персонал и обучение,3
by_sphere_and_type,в области автомобильного транспорта,Финансовые обязательства,3
by_sphere_and_type,"в области архитектуры, градостроительства и строительства",Технические параметры и нормативы,3
by_sphere_and_type,"в области архитектуры, градостроительства и строительства за деятельностью местных исполнительных органов по делам архитектуры, градостроительства, строительства и государственного архитектурно-строительного контроля и надзора",Технические параметры и нормативы,3
by_sphere_and_type,в области государственной статистики,Отчетность и уведомления,3
by_sphere_and_type,в области изучения и использования недр,Технические параметры и нормативы,3
by_sphere_and_type,в области карантина растений,Документы и записи,3
by_sphere_and_type,в области племенного животноводства и пчеловодства,Технические параметры и нормативы,3
by_sphere_and_type,в области пожарной безопасности,Финансовые обязательства,3
by_sphere_and_type,в области последующего опубликования официальных текстов нормативных правовых актов,Документы и записи,3
by_sphere_and_type,в области производства биотоплива,Операционные процессы,3
by_sphere_and_type,в области производства биотоплива,Отчетность и уведомления,3
by_sphere_and_type,в области производства органической продукции,Согласования и разрешения,3
by_sphere_and_type,в области разрешительного контроля,Персонал и обучение,3
by_sphere_and_type,в области регулирования рынка зерна,Технические параметры и нормативы,3
by_sphere_and_type,в области связи,Технические параметры и нормативы,3
by_sphere_and_type,в сфере автомобильных дорог,Некачественные данные,3
by_sphere_and_type,"в сфере деятельности организаций, управляющих имущественными правами на коллективной основе",Документы и записи,3
by_sphere_and_type,в сфере естественных монополий по услугам подачи воды по каналам и регулирования поверхностного стока при помощи подпорных гидротехнических сооружений,Инфраструктура и оборудование,3
by_sphere_and_type,в сфере регистрации актов гражданского состояния,Инфраструктура и оборудование,3
by_sphere_and_type,в сфере управления жилищным фондом,Технические параметры и нормативы,3
by_sphere_and_type,в сфере цифровых активов,Операционные процессы,3
by_sphere_and_type,за геодезической и картографической деятельностью,Операционные процессы,3
by_sphere_and_type,за геодезической и картографической деятельностью,Согласования и разрешения,3
by_sphere_and_type,за деятельностью гражданской авиации;,Отчетность и уведомления,3
by_sphere_and_type,"за использованием товарного знака, знака обслуживания, наименования места происхождения товара или фирменного наименования;",Операционные процессы,3
by_sphere_and_type,за охраной и использованием объектов историко-культурного наследия,Запреты и ограничения,3
by_sphere_and_type,за системой образования (высшее и послевузовское образование),Документы и записи,3
by_sphere_and_type,за системой образования (высшее и послевузовское образование),Отчетность и уведомления,3
by_sphere_and_type,за системой образования (начальное образование),Отчетность и уведомления,3
by_sphere_and_type,за системой образования (общее среднее образование),Отчетность и уведомления,3
by_sphere_and_type,за системой образования (основное среднее образование),Отчетность и уведомления,3
by_sphere_and_type,"за системой образования (техническое и профессиональное, послесреднее образование)",Документы и записи,3
by_sphere_and_type,"за системой образования (техническое и профессиональное, послесреднее образование)",Отчетность и уведомления,3
by_sphere_and_type,за соблюдением законодательства Республики Казахстан о регулировании торговой деятельности,Согласования и разрешения,3
by_sphere_and_type,за соблюдением законодательства Республики Казахстан о товарных биржах,Инфраструктура и оборудование,3
by_sphere_and_type,за соблюдением законодательства Республики Казахстан о товарных биржах,Финансовые обязательства,3
by_sphere_and_type,"за соблюдением правил воинского учета военнообязанных и призывников организациями, военнообязанными и призывниками",Персонал и обучение,3
by_sphere_and_type,"за соблюдением установленных правил обращения и функционирования взрывчатых и ядовитых веществ, радиоактивных материалов и веществ",Некачественные данные,3
by_sphere_and_type,"за состоянием антитеррористической защиты объектов, уязвимых в террористическом отношении, за исключением объектов Республики Казахстан, охраняемых Вооруженными Силами, другими войсками и воинскими формированиями Республики Казахстан, а также специальными государственными органами, и исполнением их руководителями требований, предусмотренных законодательством Республики Казахстан о противодействии терроризму",Отчетность и уведомления,3
by_sphere_and_type,"земельных отношений, влияющих на земельные правоотношения и не являющихся субъектами частного предпринимательства",Отчетность и уведомления,3
by_sphere_and_type,"на предмет соблюдения стандартов, правил и норм по эксплуатации, техническому обслуживанию спортивных объектов",Некачественные данные,3
by_sphere_and_type,по вопросам проверок за деятельностью местных исполнительных органов по делам строительства,Запреты и ограничения,3
by_sphere_and_type,В сфере газа и газоснабжения на объектах социальной инфраструктуры,Персонал и обучение,2
by_sphere_and_type,МинОбороны (в сфере санитарно-эпидемиологического благополучия населения),Согласования и разрешения,2
by_sphere_and_type,НацГвардия (в сфере санитарно-эпидемиологического благополучия населения),Согласования и разрешения,2
by_sphere_and_type,в области аудиторской деятельности и деятельности профессиональных аудиторских организаций,Согласования и разрешения,2
by_sphere_and_type,в области бухгалтерского учета и финансовой отчетности,Документы и записи,2
by_sphere_and_type,в области бухгалтерского учета и финансовой отчетности,Инфраструктура и оборудование,2
by_sphere_and_type,в области государственной статистики,Согласования и разрешения,2
by_sphere_and_type,в области государственной статистики,Финансовые обязательства,2
by_sphere_and_type,в области защиты прав ребенка,Запреты и ограничения,2
by_sphere_and_type,"в области использования и охраны водного фонда Республики Казахстан, безопасности плотин",Персонал и обучение,2
by_sphere_and_type,в области космической деятельности,Некачественные данные,2
by_sphere_and_type,в области космической деятельности,Персонал и обучение,2
by_sphere_and_type,в области метрологии,Запреты и ограничения,2
by_sphere_and_type,в области метрологии,Технические параметры и нормативы,2
by_sphere_and_type,"в области оборота ядов, вооружения, военной техники и отдельных видов оружия, взрывчатых и пиротехнических веществ и изделий с их применением",Запреты и ограничения,2
by_sphere_and_type,"в области оборота ядов, вооружения, военной техники и отдельных видов оружия, взрывчатых и пиротехнических веществ и изделий с их применением",Технические параметры и нормативы,2
by_sphere_and_type,"в области охраны, защиты, пользования лесным фондом, воспроизводства лесов и лесоразведения",Некачественные данные,2
by_sphere_and_type,в области оценочной деятельности,Персонал и обучение,2
by_sphere_and_type,в области племенного животноводства и пчеловодства,Персонал и обучение,2
by_sphere_and_type,в области племенного животноводства и пчеловодства,Финансовые обязательства,2
by_sphere_and_type,в области производства биотоплива,Запреты и ограничения,2
by_sphere_and_type,в области производства биотоплива,Инфраструктура и оборудование,2
by_sphere_and_type,в области производства органической продукции,Документы и записи,2
by_sphere_and_type,в области производства органической продукции,Финансовые обязательства,2
by_sphere_and_type,в области разрешительного контроля,Операционные процессы,2
by_sphere_and_type,в области регулирования рынка зерна,Запреты и ограничения,2
by_sphere_and_type,в области регулирования рынка зерна,Персонал и обучение,2
by_sphere_and_type,в области регулирования рынка зерна,Согласования и разрешения,2
by_sphere_and_type,в области связи,Запреты и ограничения,2
by_sphere_and_type,в области семеноводства,Согласования и разрешения,2
by_sphere_and_type,в области соблюдения законодательства Республики Казахстан о Национальном архивном фонде и архивах,Инфраструктура и оборудование,2
by_sphere_and_type,в области соблюдения законодательства Республики Казахстан о Национальном архивном фонде и архивах,Отчетность и уведомления,2
by_sphere_and_type,в области торгового мореплавания,Операционные процессы,2
by_sphere_and_type,в области торгового мореплавания;,Согласования и разрешения,2
by_sphere_and_type,в сферах естественных монополий (услуг аэропортов и аэронавигации) и за соблюдением порядка ценообразования и обязанностей субъекта общественно значимого рынка (услуг аэропортов),Технические параметры и нормативы,2
by_sphere_and_type,в сфере газа и газоснабжения,Отчетность и уведомления,2
by_sphere_and_type,в сфере газа и газоснабжения,Персонал и обучение,2
by_sphere_and_type,в сфере государственной службы государственными органами и норм служебной этики государственными служащими,Запреты и ограничения,2
by_sphere_and_type,в сфере деятельности палат юридических консультантов,Запреты и ограничения,2
by_sphere_and_type,в сфере деятельности палат юридических консультантов,Персонал и обучение,2
by_sphere_and_type,в сфере деятельности палат юридических консультантов,Технические параметры и нормативы,2
by_sphere_and_type,в сфере естественных монополий по услугам подачи воды по каналам и регулирования поверхностного стока при помощи подпорных гидротехнических сооружений,Запреты и ограничения,2
by_sphere_and_type,в сфере информатизации,Запреты и ограничения,2
by_sphere_and_type,в сфере информатизации,Согласования и разрешения,2
by_sphere_and_type,в сфере информатизации(в части обеспечения информационной безопасности),Согласования и разрешения,2
by_sphere_and_type,в сфере нотариальной деятельности,Персонал и обучение,2
by_sphere_and_type,в сфере предоставления специальных социальных услуг,Персонал и обучение,2
by_sphere_and_type,"в сфере регистрации юридических лиц, филиалов и представительств, являющихся коммерческими организациями",Финансовые обязательства,2
by_sphere_and_type,за геодезической и картографической деятельностью,Инфраструктура и оборудование,2
by_sphere_and_type,за геодезической и картографической деятельностью,Отчетность и уведомления,2
by_sphere_and_type,за геодезической и картографической деятельностью,Персонал и обучение,2
by_sphere_and_type,за деятельностью гражданской авиации;,Документы и записи,2
by_sphere_and_type,"за использованием товарного знака, знака обслуживания, наименования места происхождения товара или фирменного наименования;",Инфраструктура и оборудование,2
by_sphere_and_type,"за осуществлением валютных операций и деятельностью, связанной с использованием валютных ценностей",Некачественные данные,2
by_sphere_and_type,за охранной деятельностью,Запреты и ограничения,2
by_sphere_and_type,за системой образования (высшее и послевузовское образование),Согласования и разрешения,2
by_sphere_and_type,за системой образования (общее среднее образование),Согласования и разрешения,2
by_sphere_and_type,за системой образования (общее среднее образование),Технические параметры и нормативы,2
by_sphere_and_type,за соблюдением законодательства Республики Казахстан о лотереях и лотерейной деятельности,Инфраструктура и оборудование,2
by_sphere_and_type,за соблюдением законодательства Республики Казахстан о магистральном трубопроводе,Технические параметры и нормативы,2
by_sphere_and_type,"за соблюдением законодательства Республики Казахстан о противодействии легализации (отмыванию) доходов, полученных преступным путем, и финансированию терроризма",Согласования и разрешения,2
by_sphere_and_type,за соблюдением законодательства Республики Казахстан о рекламе,Запреты и ограничения,2
by_sphere_and_type,за соблюдением законодательства Республики Казахстан о телерадиовещании,Технические параметры и нормативы,2
by_sphere_and_type,за соблюдением законодательства Республики Казахстан о туристской деятельности,Инфраструктура и оборудование,2
by_sphere_and_type,за соблюдением законодательства Республики Казахстан о туристской деятельности,Персонал и обучение,2
by_sphere_and_type,за соблюдением законодательства Республики Казахстан об аккредитации в области оценки соответствия,Финансовые обязательства,2
by_sphere_and_type,за соблюдением законодательства Республики Казахстан об электронном документе и электронной цифровой подписи,Запреты и ограничения,2
by_sphere_and_type,за соблюдением законодательства Республики Казахстан об электронном документе и электронной цифровой подписи,Отчетность и уведомления,2
by_sphere_and_type,"за соблюдением правил воинского учета военнообязанных и призывников организациями, военнообязанными и призывниками",Документы и записи,2
by_sphere_and_type,по вопросам проверок за деятельностью местных исполнительных органов по делам архитектуры и градостроительства,Согласования и разрешения,2
by_sphere_and_type,регистрациия прав на недвижимое имущество,Согласования и разрешения,2
by_sphere_and_type,В области промышленной безопасности по соблюдению требований безопасной эксплуатации опасных технических устройств в пределах границ населенных пунктов на объектах социальной инфраструктуры,Запреты и ограничения,1
by_sphere_and_type,В области промышленной безопасности по соблюдению требований безопасной эксплуатации опасных технических устройств в пределах границ населенных пунктов на объектах социальной инфраструктуры,Согласования и разрешения,1
by_sphere_and_type,МинОбороны (в сфере санитарно-эпидемиологического благополучия населения),Запреты и ограничения,1
by_sphere_and_type,МинОбороны (в сфере санитарно-эпидемиологического благополучия населения),Финансовые обязательства,1
by_sphere_and_type,НацГвардия (в сфере санитарно-эпидемиологического благополучия населения),Запреты и ограничения,1
by_sphere_and_type,НацГвардия (в сфере санитарно-эпидемиологического благополучия населения),Финансовые обязательства,1
by_sphere_and_type,"в области архитектуры, градостроительства и строительства за деятельностью местных исполнительных органов по делам архитектуры, градостроительства, строительства и государственного архитектурно-строительного контроля и надзора",Запреты и ограничения,1
by_sphere_and_type,в области аудиторской деятельности и деятельности профессиональных аудиторских организаций,Запреты и ограничения,1
by_sphere_and_type,в области аудиторской деятельности и деятельности профессиональных аудиторских организаций,Инфраструктура и оборудование,1
by_sphere_and_type,в области бухгалтерского учета и финансовой отчетности,Персонал и обучение,1
by_sphere_and_type,в области внутреннего водного транспорта,Документы и записи,1
by_sphere_and_type,в области внутреннего водного транспорта,Запреты и ограничения,1
by_sphere_and_type,в области внутреннего водного транспорта;,Запреты и ограничения,1
by_sphere_and_type,в области государственной статистики,Документы и записи,1
by_sphere_and_type,в области изучения и использования недр,Персонал и обучение,1
by_sphere_and_type,в области карантина растений,Персонал и обучение,1
by_sphere_and_type,в области космической деятельности,Инфраструктура и оборудование,1
by_sphere_and_type,в области космической деятельности,Согласования и разрешения,1
by_sphere_and_type,в области обязательного страхования работника от несчастных случаев при исполнении им трудовых (служебных) обязанностей,Некачественные данные,1
by_sphere_and_type,"в области охраны, воспроизводства и использования животного мира",Технические параметры и нормативы,1
by_sphere_and_type,в области поддержки и защиты субъектов предпринимательства,Запреты и ограничения,1
by_sphere_and_type,в области поддержки и защиты субъектов предпринимательства,Персонал и обучение,1
by_sphere_and_type,в области поддержки и защиты субъектов предпринимательства,Финансовые обязательства,1
by_sphere_and_type,в области применения законодательства Республики Казахстан о языках,Запреты и ограничения,1
by_sphere_and_type,в области производства органической продукции,Инфраструктура и оборудование,1
by_sphere_and_type,в области промышленности,Технические параметры и нормативы,1
by_sphere_and_type,в области соблюдения законодательства Республики Казахстан о Национальном архивном фонде и архивах,Персонал и обучение,1
by_sphere_and_type,в области соблюдения законодательства Республики Казахстан о Национальном архивном фонде и архивах,Технические параметры и нормативы,1
by_sphere_and_type,в области социальной защиты лиц с инвалидностью,Согласования и разрешения,1
by_sphere_and_type,в области теплоэнергетики,Технические параметры и нормативы,1
by_sphere_and_type,в области торгового мореплавания,Персонал и обучение,1
by_sphere_and_type,в области торгового мореплавания;,Отчетность и уведомления,1
by_sphere_and_type,в области энергосбережения и повышения энергоэффективности,Персонал и обучение,1
by_sphere_and_type,в сферах естественных монополий,Технические параметры и нормативы,1
by_sphere_and_type,в сфере газа и газоснабжения,Технические параметры и нормативы,1
by_sphere_and_type,в сфере государственной регистрации прав на недвижимое имущество,Персонал и обучение,1
by_sphere_and_type,в сфере государственной регистрации прав на недвижимое имущество,Согласования и разрешения,1
by_sphere_and_type,в сфере естественных монополий по услугам подачи воды по каналам и регулирования поверхностного стока при помощи подпорных гидротехнических сооружений,Финансовые обязательства,1
by_sphere_and_type,в сфере занятости населения,Некачественные данные,1
by_sphere_and_type,в сфере информатизации,Технические параметры и нормативы,1
by_sphere_and_type,в сфере предоставления специальных социальных услуг,Инфраструктура и оборудование,1
by_sphere_and_type,в сфере предоставления специальных социальных услуг,Технические параметры и нормативы,1
by_sphere_and_type,"в сфере регистрации юридических лиц, филиалов и представительств, являющихся коммерческими организациями",Персонал и обучение,1
by_sphere_and_type,в сфере управления жилищным фондом,Запреты и ограничения,1
by_sphere_and_type,в сфере цифровых активов,Инфраструктура и оборудование,1
by_sphere_and_type,в сфере цифровых активов,Согласования и разрешения,1
by_sphere_and_type,за деятельностью гражданской авиации;,Инфраструктура и оборудование,1
by_sphere_and_type,за деятельностью гражданской авиации;,Персонал и обучение,1
by_sphere_and_type,за деятельностью гражданской авиации;,Технические параметры и нормативы,1
by_sphere_and_type,"за деятельностью по монтажу, наладке и техническому обслуживанию средств охранной сигнализации",Согласования и разрешения,1
by_sphere_and_type,"за деятельностью специализированных учебных центров по подготовке и повышению квалификации работников, занимающих должности руководителя и охранника в частной охранной организации",Согласования и разрешения,1
by_sphere_and_type,"за деятельностью физических и юридических лиц, занятых в сфере оборота гражданского и служебного оружия и патронов к нему, гражданских пиротехнических веществ и изделий с их применением",Некачественные данные,1
by_sphere_and_type,за использованием и охраной земель,Технические параметры и нормативы,1
by_sphere_and_type,"за использованием товарного знака, знака обслуживания, наименования места происхождения товара или фирменного наименования;",Отчетность и уведомления,1
by_sphere_and_type,за охранной деятельностью,Согласования и разрешения,1
by_sphere_and_type,за охраной и использованием объектов историко-культурного наследия,Инфраструктура и оборудование,1
by_sphere_and_type,за охраной и использованием объектов историко-культурного наследия,Отчетность и уведомления,1
by_sphere_and_type,за производством и оборотом отдельных видов нефтепродуктов,Согласования и разрешения,1
by_sphere_and_type,за системой образования (высшее и послевузовское образование),Технические параметры и нормативы,1
by_sphere_and_type,за системой образования (начальное образование),Инфраструктура и оборудование,1
by_sphere_and_type,за системой образования (начальное образование),Технические параметры и нормативы,1
by_sphere_and_type,за системой образования (общее среднее образование),Инфраструктура и оборудование,1
by_sphere_and_type,за системой образования (основное среднее образование),Инфраструктура и оборудование,1
by_sphere_and_type,за системой образования (основное среднее образование),Согласования и разрешения,1
by_sphere_and_type,за системой образования (основное среднее образование),Технические параметры и нормативы,1
by_sphere_and_type,за соблюдением законодательства Республики Казахстан о защите прав потребителей;,Документы и записи,1
by_sphere_and_type,за соблюдением законодательства Республики Казахстан о магистральном трубопроводе,Персонал и обучение,1
by_sphere_and_type,за соблюдением законодательства Республики Казахстан о магистральном трубопроводе,Финансовые обязательства,1
by_sphere_and_type,за соблюдением законодательства Республики Казахстан о масс-медиа,Персонал и обучение,1
by_sphere_and_type,за соблюдением законодательства Республики Казахстан о платежах и платежных системах и валютного законодательства Республики Казахстан;,Некачественные данные,1
by_sphere_and_type,за соблюдением законодательства Республики Казахстан о рекламе,Инфраструктура и оборудование,1
by_sphere_and_type,за соблюдением законодательства Республики Казахстан о рекламе,Отчетность и уведомления,1
by_sphere_and_type,за соблюдением законодательства Республики Казахстан о рекламе,Финансовые обязательства,1
by_sphere_and_type,за соблюдением законодательства Республики Казахстан о телерадиовещании,Персонал и обучение,1
by_sphere_and_type,за соблюдением законодательства Республики Казахстан о языках в части размещения реквизитов и визуальной информации,Запреты и ограничения,1
by_sphere_and_type,за соблюдением законодательства Республики Казахстан об аккредитации в области оценки соответствия,Технические параметры и нормативы,1
by_sphere_and_type,за соблюдением законодательства Республики Казахстан об электронном документе и электронной цифровой подписи,Инфраструктура и оборудование,1
by_sphere_and_type,за соблюдением законодательства Республики Казахстан об электронном документе и электронной цифровой подписи,Согласования и разрешения,1
by_sphere_and_type,"за соблюдением порядка ценообразования и обязанностей субъекта общественно значимого рынка, установленных настоящим Кодексом;",Согласования и разрешения,1
by_sphere_and_type,за соблюдением трудового законодательства Республики Казахстан и законодательства Республики Казахстан о занятости населения;,Согласования и разрешения,1
by_sphere_and_type,за соблюдением трудового законодательства Республики Казахстан и законодательства Республики Казахстан о занятости населения;,Технические параметры и нормативы,1
by_sphere_and_type,"за состоянием антитеррористической защиты объектов, уязвимых в террористическом отношении, за исключением объектов Республики Казахстан, охраняемых Вооруженными Силами, другими войсками и воинскими формированиями Республики Казахстан, а также специальными государственными органами, и исполнением их руководителями требований, предусмотренных законодательством Республики Казахстан о противодействии терроризму",Персонал и обучение,1
by_sphere_and_type,"за состоянием антитеррористической защиты объектов, уязвимых в террористическом отношении, за исключением объектов Республики Казахстан, охраняемых Вооруженными Силами, другими войсками и воинскими формированиями Республики Казахстан, а также специальными государственными органами, и исполнением их руководителями требований, предусмотренных законодательством Республики Казахстан о противодействии терроризму",Согласования и разрешения,1
by_sphere_and_type,"за состоянием антитеррористической защиты объектов, уязвимых в террористическом отношении, за исключением объектов Республики Казахстан, охраняемых Вооруженными Силами, другими войсками и воинскими формированиями Республики Казахстан, а также специальными государственными органами, и исполнением их руководителями требований, предусмотренных законодательством Республики Казахстан о противодействии терроризму",Технические параметры и нормативы,1
by_sphere_and_type,за экономической концентрацией,Некачественные данные,1
by_sphere_and_type,по вопросам проверок за деятельностью местных исполнительных органов по делам архитектуры и градостроительства,Технические параметры и нормативы,1
by_sphere_and_type,по вопросам проверок за деятельностью местных исполнительных органов по делам государственного архитектурно-строительного контроля и надзора,Финансовые обязательства,1
by_sphere_and_type,по вопросам проверок за деятельностью местных исполнительных органов по делам строительства,Инфраструктура и оборудование,1
